Date,Open,High,Low,Close,PE,PBV,T_EPS,FSCORE,Vol,Buy Vol,Sell Vol,ATO/ATC,EMA25,EMA50,EMA200,MACD,RSI
2018-01-03,100.5,103.0,99.75,101.5,39.25,1.08,2.59,6,15578100,9541200,4316100,1720800,97.05,94.65,92.3,2.26,69.45
2018-01-12,111.5,112.0,109.5,111.0,42.93,1.18,2.59,6,16030800,6387400,6025600,3617800,101.6,97.8,93.33,3.82,80.13
2018-01-23,116.0,118.5,115.5,117.0,45.25,1.24,2.59,6,20481100,9558600,9269100,1653400,107.17,101.87,94.75,4.96,84.91
2018-02-01,120.5,122.0,120.0,121.5,46.99,1.29,2.59,6,18023300,8744300,7614500,1664500,112.34,106.09,96.4,5.03,79.73
2018-02-12,112.0,115.5,111.5,115.5,44.67,1.22,2.59,6,17784100,9435300,6262400,2086400,114.0,108.61,97.76,2.4,54.6
2018-02-21,114.0,114.5,113.0,114.5,22.09,1.21,2.59,6,15758600,8978300,3595000,3185300,113.49,109.62,98.77,0.56,53.2
2018-03-05,115.5,115.5,109.5,111.5,21.51,1.18,5.18,6,22618500,8323100,13041400,1254000,114.21,111.0,99.89,0.52,43.58
2018-03-14,115.0,116.5,114.5,115.5,22.28,1.22,5.18,6,9380800,4831900,3623700,925200,114.18,111.74,100.84,0.31,54.17
2018-03-23,114.5,115.5,113.5,115.5,22.28,1.22,5.18,6,10308200,5751900,3415800,1140500,114.91,112.76,101.86,0.55,52.38
2018-04-03,114.0,115.0,113.5,114.5,22.09,1.21,5.18,8,8452900,3712400,3551500,1189000,115.25,113.5,102.81,0.29,47.74
2018-04-17,120.5,122.0,120.0,122.0,23.54,1.29,5.18,8,19989100,7429100,8356600,4203400,115.74,114.15,103.7,0.77,67.13
2018-04-26,133.0,133.5,131.0,132.5,25.56,1.4,5.18,8,18382500,6740900,8620200,3021400,123.29,118.8,105.68,5.25,66.38
2018-05-08,136.5,136.5,130.0,131.0,25.27,1.38,5.18,8,28413800,10223300,16242000,1948500,128.4,122.81,107.68,4.9,55.87
2018-05-17,140.0,149.0,138.5,147.5,27.01,1.57,5.46,8,42958400,26069900,13455400,3433100,132.57,126.48,109.7,4.71,74.84
2018-05-28,135.0,135.5,130.5,131.0,23.99,1.4,5.46,8,26428800,11101400,12460000,2867400,136.63,130.38,111.94,3.47,43.49
2018-06-07,140.0,142.0,139.5,139.5,25.55,1.49,5.46,8,11288000,4542800,4776500,1968700,136.69,131.89,113.59,1.51,54.56
2018-06-18,130.5,131.5,128.5,130.0,23.81,1.39,5.46,8,17831100,9188900,6607900,2034300,135.73,132.55,115.02,-0.31,40.99
2018-06-27,135.5,137.0,134.5,136.0,24.91,1.45,5.46,8,17420600,7194500,7098900,3127200,133.42,131.95,116.03,-1.18,53.77
2018-07-06,130.5,132.5,128.5,130.0,23.81,1.39,5.46,6,14135500,6450800,6242600,1442100,133.63,132.48,117.26,-0.51,44.65
2018-07-17,133.0,133.5,128.5,130.0,23.81,1.39,5.46,6,22185900,11018100,9512800,1655000,134.0,133.0,118.44,-0.13,44.31
2018-07-26,136.0,138.0,134.5,138.0,25.27,1.47,5.46,6,19776800,9766100,6211000,3799700,133.74,133.05,119.43,0.06,56.94
2018-08-08,141.0,142.5,141.0,142.0,26.01,1.51,5.46,6,8588300,3209800,1788900,3589600,136.81,134.96,120.87,2.06,59.91
2018-08-20,135.0,136.0,134.5,135.5,30.34,1.39,4.47,6,4245900,1603300,1874800,767800,136.84,135.47,121.98,0.45,47.3
2018-08-29,142.5,144.0,141.5,143.0,32.02,1.47,4.47,6,7216200,2789900,3435500,990800,138.33,136.6,123.19,1.36,61.69
2018-09-07,138.5,139.5,138.0,139.0,31.12,1.42,4.47,6,6145000,2394500,2449900,1300600,139.45,137.69,124.4,1.01,49.2
2018-09-18,151.0,152.5,148.5,152.0,34.03,1.56,4.47,6,20568000,12056900,6754100,1757000,142.4,139.69,125.83,2.87,71.45
2018-09-27,154.5,157.0,153.0,156.5,35.04,1.6,4.47,6,16684200,8933500,6187200,1563500,147.56,143.27,127.76,4.33,74.08
2018-10-08,150.5,152.0,144.5,145.0,32.47,1.49,4.47,7,21938900,9575100,10569400,1794400,150.03,145.8,129.52,2.49,41.8
2018-10-18,145.5,146.0,143.5,143.5,32.13,1.47,4.47,7,11658600,3761600,6623100,1273900,148.8,146.17,130.73,-0.16,41.67
2018-10-30,136.5,136.5,134.5,134.5,30.12,1.38,4.47,7,6994400,2082300,2780600,2131500,143.98,144.13,131.22,-3.45,36.37
2018-11-08,139.0,140.5,138.5,140.0,31.35,1.43,4.47,7,12312700,5434800,4341400,2536500,141.81,142.85,131.74,-2.48,46.72
2018-11-19,133.0,134.5,132.0,132.5,14.29,1.38,9.27,7,7492100,3153100,2942500,1396500,138.55,140.79,131.93,-3.12,37.84
2018-11-28,129.5,130.0,127.5,129.0,13.91,1.34,9.27,7,10721800,3595100,5584800,1541900,134.66,138.04,131.77,-3.57,36.96
2018-12-11,135.0,135.0,131.0,132.0,14.23,1.37,9.27,7,21904900,9159500,8822300,3923100,134.97,137.38,132.01,-0.95,44.48
2018-12-20,117.0,118.0,116.0,116.5,12.56,1.21,9.27,7,13906900,5075400,6313100,2518400,129.16,133.58,131.34,-4.57,32.27
2019-01-02,113.0,115.5,112.5,112.5,12.13,1.17,9.27,7,11486700,5280100,4791000,1415600,122.49,128.72,130.15,-5.85,30.97
2019-01-11,123.0,124.0,122.5,123.5,13.32,1.28,9.27,7,9515900,3688400,4458500,1369000,121.73,126.71,129.49,-2.1,52.75
2019-01-22,127.5,128.0,126.0,127.5,13.75,1.33,9.27,7,8767900,4671500,2956800,1139600,122.83,126.08,129.12,0.27,60.56
2019-01-31,123.0,124.5,122.5,123.0,13.26,1.28,9.27,0,14905900,7243200,4651500,3011200,122.75,125.27,128.7,-0.17,50.28
2019-02-11,124.0,124.5,122.0,123.5,13.32,1.28,9.27,7,14846800,4381100,5266100,5199600,123.53,125.11,128.42,0.37,49.81
2019-02-21,126.5,127.0,125.5,126.0,13.82,1.31,9.27,7,16054900,7778500,4899400,3377000,123.75,124.83,128.11,0.39,56.59
2019-03-04,123.0,123.0,120.5,121.0,13.27,1.23,9.12,7,16843800,6678200,8128700,2036900,124.11,124.8,127.89,0.13,41.74
2019-03-13,120.5,121.5,120.0,121.5,13.32,1.24,9.12,7,10176700,4269100,4301900,1605700,122.96,123.99,127.46,-0.73,45.19
2019-03-22,126.0,126.5,125.0,126.5,13.87,1.29,9.12,7,19889400,10662600,6570000,2656800,122.67,123.53,127.09,-0.15,60.53
2019-04-02,128.0,128.5,127.0,127.5,13.98,1.3,9.12,7,7990700,3573900,2517600,1899200,124.05,124.08,127.0,0.95,61.75
2019-04-12,131.0,132.0,130.5,131.5,14.42,1.34,9.12,7,4405000,1916600,1760100,728300,126.75,125.59,127.21,2.17,65.15
2019-04-25,135.0,136.5,134.0,136.5,14.97,1.39,9.12,0,8647100,2894900,3486600,2265600,129.9,127.63,127.66,2.94,69.67
2019-05-08,130.5,131.0,129.0,129.0,14.14,1.31,9.12,7,16783600,4884500,9937300,1961800,130.84,128.75,127.97,1.34,45.44
2019-05-17,129.0,130.5,129.0,129.0,14.51,1.34,8.89,6,10029100,3573600,4654900,1800600,130.02,128.79,128.04,-0.08,46.52
2019-05-29,127.0,127.5,125.5,125.5,14.11,1.31,8.89,6,7865400,2525200,3048900,2291300,128.85,128.46,128.0,-0.95,39.96
2019-06-10,127.0,129.0,126.5,128.0,14.39,1.33,8.89,6,18869200,8666600,7168500,3034100,127.62,127.85,127.86,-1.04,50.91
2019-06-19,132.5,133.0,131.5,131.5,14.79,1.37,8.89,6,21257900,11666500,4606200,4985200,128.0,127.99,127.9,0.06,60.87
2019-06-28,136.0,136.5,135.0,135.0,15.18,1.4,8.89,6,7307700,2756300,2722700,1828700,131.1,129.76,128.39,1.98,62.31
2019-07-09,133.0,134.0,131.5,132.0,14.84,1.37,8.89,6,8477600,2880700,4370200,1226700,132.17,130.72,128.76,1.19,49.94
2019-07-19,136.0,136.0,134.5,135.0,15.18,1.4,8.89,6,5403100,2113900,2408600,880600,133.46,131.81,129.19,1.18,56.17
2019-07-31,135.0,137.0,134.5,135.5,15.24,1.41,8.89,0,14393300,6366900,3151200,4875200,134.32,132.72,129.62,0.87,55.11
2019-08-09,127.0,127.5,123.5,124.0,13.94,1.29,8.89,6,13859900,3700400,6506000,3653500,132.02,131.87,129.61,-1.57,25.6
2019-08-21,122.0,123.5,121.5,122.0,10.67,1.32,11.44,8,8558200,2838000,4026600,1693600,128.3,129.8,129.2,-2.98,31.31
2019-08-30,123.5,125.5,122.0,124.5,10.89,1.35,11.44,8,24522400,10710000,10888800,2923600,124.41,127.2,128.51,-3.27,49.45
2019-09-10,124.5,125.5,124.0,124.5,10.89,1.35,11.44,8,10555900,4676900,4569800,1309200,123.46,125.95,128.07,-1.46,51.61
2019-09-19,124.0,125.0,123.0,123.5,10.8,1.34,11.44,8,9221700,4392200,3420900,1408600,123.85,125.54,127.81,-0.16,49.18
2019-09-30,123.0,123.5,120.5,121.0,10.58,1.31,11.44,8,10989200,2977300,5774600,2237300,123.61,125.01,127.51,-0.32,43.98
2019-10-09,117.0,117.5,115.5,117.0,10.23,1.27,11.44,8,9492800,3288500,4708300,1496000,121.23,123.33,126.88,-1.73,38.53
2019-10-21,117.0,118.0,116.0,116.5,10.19,1.26,11.44,8,8259700,2457300,3656500,2145900,120.01,122.14,126.32,-1.5,40.92
2019-10-31,123.0,123.0,119.0,120.5,10.54,1.31,11.44,8,15618700,4809400,8204200,2605100,119.64,121.39,125.82,-0.55,51.81
2019-11-11,124.0,124.5,121.5,123.0,10.61,1.34,11.44,6,7199500,2106600,4426100,666800,121.29,121.88,125.66,0.94,54.55
2019-11-20,118.0,118.5,117.0,118.0,10.18,1.28,11.59,6,11579700,4458800,4860300,2260600,121.12,121.67,125.35,-0.01,41.16
2019-11-29,120.0,120.5,119.0,120.0,10.35,1.3,11.59,6,7052000,3116800,2644800,1290400,120.33,121.07,124.93,-0.41,48.86
2019-12-12,118.5,120.5,118.0,119.5,10.31,1.3,11.59,6,8976500,5519300,1966000,1491200,119.38,120.34,124.47,-0.69,50.14
2019-12-23,125.0,126.0,125.0,126.0,10.87,1.37,11.59,6,7399100,3146400,3195900,1056800,121.49,121.29,124.45,1.24,65.26
2020-01-03,130.0,132.0,129.5,130.0,11.22,1.41,11.59,6,24610900,9670600,9791000,5149300,123.42,122.4,124.53,1.85,70.96
2020-01-14,131.5,132.5,130.5,132.0,11.39,1.43,11.59,6,9492600,4237600,3484500,1770500,127.33,124.89,125.08,3.0,66.54
2020-01-23,131.0,131.0,128.0,129.0,11.13,1.4,11.59,6,12795300,4522300,6242300,2030700,128.92,126.41,125.49,1.91,51.35
2020-02-03,123.5,125.5,123.0,125.0,10.78,1.36,11.59,6,10367800,4226900,3558800,2582100,127.34,126.13,125.48,-0.4,43.28
2020-02-13,125.0,126.5,124.0,124.0,10.7,1.35,11.59,6,14232200,4276200,3364600,6591400,126.42,125.89,125.45,-0.68,43.09
2020-02-24,122.0,123.5,119.5,120.0,9.76,1.33,11.59,7,14833300,4322500,8208800,2302000,125.34,125.42,125.36,-0.98,35.17
2020-03-04,111.5,111.5,108.5,110.0,8.95,1.22,12.29,7,16572200,8157400,6242700,2172100,119.35,122.04,124.43,-4.39,33.59
2020-03-13,54.5,66.75,50.5,66.25,5.39,0.74,12.29,7,54248000,26539100,23077000,4631900,101.39,111.45,121.41,-14.58,20.94
2020-03-24,59.0,61.0,57.5,59.25,4.82,0.66,12.29,7,27174200,12794600,9755300,4624300,82.81,98.41,117.12,-16.49,29.26
2020-04-02,68.5,76.5,68.5,75.25,6.12,0.84,12.29,7,64261000,31777600,24280700,8202700,76.29,90.84,113.75,-9.21,47.77
2020-04-14,81.5,81.75,79.75,80.5,6.55,0.9,12.29,7,16999400,7220700,7878800,1899900,78.31,88.46,111.55,-1.89,51.54
2020-04-23,75.5,77.0,75.25,76.0,6.18,0.85,12.29,7,22437700,9791200,8958800,3687700,77.46,85.5,109.17,-1.28,47.56
2020-05-07,84.75,85.0,82.0,82.5,6.71,0.92,12.29,7,24045400,10745600,9914100,3385700,78.71,84.2,107.2,0.67,55.54
2020-05-18,85.5,86.75,85.25,85.5,7.55,0.9,11.32,7,27031300,13914300,9484900,3632100,80.78,84.03,105.59,1.56,59.3
2020-05-27,87.0,87.25,85.25,86.5,7.64,0.91,11.32,7,9996800,3621700,5085100,1290000,83.4,84.74,104.34,2.07,57.01
2020-06-08,104.0,107.5,100.0,101.5,8.97,1.07,11.32,7,41846700,17735100,19019700,5091900,87.09,86.39,103.44,3.78,74.91
2020-06-17,93.5,94.75,92.5,93.75,8.28,0.99,11.32,7,24426300,11692700,10723000,2010600,89.56,87.98,102.73,2.7,56.48
2020-06-26,92.5,92.75,91.5,92.5,8.17,0.97,11.32,7,7122500,1900600,3001900,2220000,91.38,89.43,102.14,1.89,52.55
2020-07-08,94.5,95.25,92.25,92.75,8.19,0.97,11.32,7,14520900,5659000,7133200,1728700,92.54,90.55,101.59,1.43,50.96
2020-07-17,93.75,94.5,93.0,94.0,8.3,0.99,11.32,7,7091500,3383800,2950800,756900,92.77,91.15,101.01,0.73,53.42
2020-07-30,92.0,92.25,89.5,90.0,7.95,0.95,11.32,6,15088900,5765000,7280300,2043600,93.0,91.71,100.5,0.19,43.39
2020-08-10,93.75,94.5,93.25,94.25,10.52,1.04,11.32,6,6716700,3524800,2671400,520500,92.75,91.85,99.94,0.11,53.72
2020-08-20,90.75,91.0,89.75,90.0,10.04,0.99,8.96,6,8523800,3380700,4155600,987500,92.65,92.04,99.45,-0.19,43.15
2020-08-31,90.25,90.25,89.0,89.0,9.93,0.98,8.96,6,7704500,2331000,2943600,2429900,91.6,91.59,98.83,-0.76,41.63
2020-09-11,83.0,83.75,82.0,82.0,9.15,0.9,8.96,6,8917700,3573600,4117800,1226300,88.91,90.11,97.94,-2.27,28.52
2020-09-22,85.0,85.5,83.5,84.75,9.46,0.93,8.96,6,8862000,3903200,4054200,904600,87.62,89.08,97.12,-1.54,40.61
2020-10-01,79.5,80.0,78.5,79.5,8.87,0.87,8.96,6,9773300,4978800,4231100,563400,84.46,86.94,95.99,-2.6,35.82
2020-10-12,83.0,83.25,82.0,82.25,9.18,0.9,8.96,6,9657900,4034000,4086100,1537800,82.89,85.4,94.94,-1.58,48.03
2020-10-22,79.5,82.5,78.75,81.5,9.1,0.9,8.96,6,20098400,9929500,7988500,2180400,81.59,84.04,93.92,-1.34,49.22
2020-11-03,79.0,81.0,78.75,80.75,10.09,0.87,8.96,6,14750600,8180400,4574800,1995400,80.56,82.85,92.92,-1.08,50.0
2020-11-12,90.0,91.5,89.25,90.5,11.31,0.97,8.96,6,16508700,7778900,7322700,1407100,83.26,83.76,92.48,1.8,68.6
2020-11-23,94.75,98.5,94.5,98.5,12.31,1.06,8.0,6,34765800,19835500,11941000,2989300,87.56,86.04,92.51,3.58,77.52
2020-12-02,97.0,99.25,96.0,98.5,12.31,1.06,8.0,6,20437800,10471800,7859500,2106500,92.47,89.22,92.95,4.22,65.05
2020-12-16,103.0,103.5,101.0,102.5,12.81,1.1,8.0,6,11971800,3598200,6191200,2182400,96.63,92.37,93.57,4.07,66.64
2020-12-25,95.75,96.5,95.5,96.5,12.06,1.03,8.0,6,7415600,3760100,2684800,970700,96.94,93.62,93.84,1.34,49.67
2021-01-07,107.0,107.0,103.5,104.0,13.0,1.11,8.0,6,15897000,5404700,7745200,2747100,98.35,95.18,94.25,1.72,64.45
2021-01-18,111.0,112.0,109.0,111.0,13.88,1.19,8.0,6,16455200,6396700,8297500,1761000,103.08,98.59,95.24,3.88,69.21
2021-01-27,112.5,113.0,110.0,110.0,13.75,1.18,8.0,6,6578400,1625900,3572600,1379900,106.73,101.78,96.36,3.49,59.76
2021-02-05,110.0,111.0,108.0,109.0,13.63,1.17,8.0,6,10790400,5100000,4261600,1428800,107.01,103.13,97.09,1.47,55.83
2021-02-17,114.0,115.0,112.5,113.0,19.79,1.21,8.0,6,8289900,2713700,4292900,1283300,109.31,105.36,98.11,2.12,61.18
2021-03-01,113.0,113.5,112.0,112.5,19.71,1.26,5.71,5,14569900,7691800,2418500,4459600,110.92,107.23,99.12,1.77,54.61
2021-03-10,118.5,119.0,116.0,118.5,20.76,1.33,5.71,5,8497000,3580000,3861600,1055400,113.27,109.42,100.26,2.36,65.96
2021-03-19,113.5,115.0,113.0,115.0,20.14,1.29,5.71,5,21414200,7744500,8941800,4727900,115.05,111.4,101.44,1.74,50.63
2021-03-30,115.5,116.0,113.0,114.0,19.97,1.28,5.71,5,8495500,3369500,4152100,973900,114.49,111.97,102.27,0.25,48.86
2021-04-09,111.5,112.0,110.5,111.5,19.53,1.25,5.71,5,10277300,2804900,6126800,1345600,113.98,112.32,103.02,-0.39,41.92
2021-04-23,115.0,115.0,113.0,113.0,19.79,1.27,5.71,5,7686500,2091900,3019100,2575500,114.14,112.82,103.79,-0.04,46.17
2021-05-06,118.0,119.5,117.5,119.5,18.54,1.25,5.71,5,9222300,4220200,3640200,1361900,115.46,113.86,104.68,1.04,63.0
2021-05-17,118.5,119.5,117.5,118.5,18.39,1.24,6.45,5,3677000,1571700,1569800,535500,117.29,115.31,105.71,1.4,55.23
2021-05-27,117.5,117.5,116.0,117.0,18.15,1.22,6.45,5,17046000,4408400,6913000,5724600,117.51,115.93,106.53,0.51,48.76
2021-06-08,120.0,121.5,119.5,121.0,18.78,1.26,6.45,3,7483600,3605500,1978800,1899300,118.49,116.86,107.42,0.91,59.87
2021-06-17,120.5,121.5,120.0,120.5,18.7,1.26,6.45,3,4746900,2622500,1381500,742900,119.32,117.73,108.3,0.82,55.35
2021-06-28,120.0,120.5,118.5,119.0,18.46,1.24,6.45,3,4721800,1869800,1955400,896600,119.2,118.04,109.02,0.28,49.5
2021-07-07,119.5,120.0,118.0,118.5,18.39,1.24,6.45,3,11040000,3674800,5414000,1951200,119.04,118.21,109.67,0.06,48.4
2021-07-16,110.5,112.5,110.0,112.0,17.38,1.17,6.45,3,6077300,2852000,2329600,895700,116.17,116.8,109.86,-1.9,38.71
2021-07-29,107.5,108.5,107.0,107.5,16.68,1.12,6.45,3,5413600,2107200,1942300,1364100,112.63,114.64,109.74,-2.92,33.66
2021-08-09,104.0,106.0,103.5,105.0,14.68,1.08,6.45,3,5181100,2724200,1827500,629400,109.31,112.26,109.41,-3.05,35.59
2021-08-19,103.0,103.5,102.0,102.5,14.33,1.06,7.15,3,8345600,2495400,4677500,1172700,106.95,110.21,109.04,-2.58,35.49
2021-08-30,110.5,114.0,110.0,113.5,15.86,1.17,7.15,3,18305500,7778600,7727700,2799200,107.31,109.56,108.92,-0.24,62.79
2021-09-08,107.0,108.0,105.5,106.5,14.89,1.1,7.15,3,9893100,3911100,4511600,1470400,108.0,109.43,108.94,0.17,46.03
2021-09-17,113.0,113.0,111.0,113.0,15.79,1.16,7.15,3,11696700,4568200,3756800,3371700,109.14,109.67,109.03,1.07,61.31
2021-09-29,117.0,120.0,117.0,119.0,16.63,1.23,7.15,3,13056500,6443000,5305100,1308400,111.82,111.01,109.43,2.39,71.55
2021-10-08,121.5,122.5,120.5,121.5,16.98,1.25,7.15,3,10459700,5594100,3496200,1369400,115.36,113.2,110.14,3.19,69.42
2021-10-20,123.0,124.5,122.5,123.5,17.26,1.27,7.15,3,12027300,6830600,4665400,531300,118.89,115.74,111.04,3.28,67.51
2021-11-01,118.0,118.5,116.0,116.5,15.04,1.13,7.15,3,16119500,6293600,8132800,1693100,119.53,116.93,111.7,1.12,42.59
2021-11-10,120.0,121.0,119.5,120.5,15.56,1.17,7.15,3,8387300,4149600,2950100,1287600,119.2,117.36,112.17,0.28,54.41
2021-11-19,119.0,119.5,118.5,119.0,15.37,1.15,7.74,3,5586600,2107100,2871900,607600,118.97,117.68,112.61,-0.03,50.37
2021-11-30,115.0,116.5,113.0,113.5,14.66,1.1,7.74,3,14806200,3926600,5936100,4943500,117.82,117.37,112.88,-0.95,34.98
2021-12-13,119.0,120.0,118.5,119.5,15.43,1.16,7.74,3,5996600,2804200,2086400,1106000,117.99,117.57,113.23,-0.13,55.6
2021-12-22,118.0,118.5,116.5,117.0,15.11,1.13,7.74,3,4982800,1137600,3135100,710100,118.11,117.76,113.58,-0.09,46.15
2022-01-04,118.5,120.0,118.0,119.5,15.43,1.16,7.74,3,8692800,4419200,3177600,1096000,118.25,117.91,113.91,0.11,54.93
2022-01-13,124.0,125.0,123.0,123.5,15.95,1.2,7.74,3,7789000,3347200,3209200,1232600,120.12,119.04,114.48,1.35,62.59
2022-01-24,126.5,126.5,122.0,124.0,16.01,1.2,7.74,3,18534700,7624500,9352100,1558100,122.51,120.65,115.23,2.02,55.16
2022-02-02,129.0,129.0,126.5,127.0,16.4,1.23,7.74,3,9400500,2288000,6221900,890600,124.7,122.34,116.07,2.11,57.72
2022-02-11,132.0,133.0,130.0,131.0,16.92,1.27,7.74,3,16112700,5041500,8897300,2173900,127.66,124.59,117.11,2.63,60.66
2022-02-23,130.0,130.0,128.0,128.0,13.08,1.22,7.74,6,10958100,3273800,5993700,1690600,128.68,125.96,118.0,1.29,48.9
2022-03-04,149.5,154.0,148.5,150.5,15.37,1.44,9.79,7,20734800,8071800,9802800,2860200,134.62,129.86,119.59,5.08,78.62
2022-03-15,144.0,146.5,144.0,145.5,14.86,1.39,9.79,7,25261000,10956300,11124400,3180300,140.56,134.44,121.56,5.2,59.18
2022-03-24,156.0,156.5,153.0,154.0,15.73,1.47,9.79,7,18416100,9163800,6409000,2843300,144.09,137.89,123.37,4.35,67.65
2022-04-04,145.5,146.0,144.0,145.5,14.86,1.39,9.79,7,9382300,4559100,3783100,1040100,145.63,140.33,125.04,2.13,50.54
2022-04-19,152.0,153.5,150.5,152.0,15.53,1.45,9.79,7,16484500,9014300,5803300,1666900,146.2,141.91,126.5,1.36,60.09
2022-04-28,148.0,149.0,146.5,148.0,15.12,1.41,9.79,7,8135200,3677600,3384700,1072900,146.45,143.1,127.87,0.62,53.37
2022-05-11,149.5,153.5,149.0,153.0,16.05,1.47,9.79,7,14719600,7294100,4879300,2546200,149.1,145.41,129.54,1.98,57.74
2022-05-23,158.0,158.5,156.5,157.0,16.47,1.51,9.53,7,6296400,2795400,2457400,1043600,151.83,147.83,131.27,2.61,59.8
2022-06-01,168.0,169.0,166.5,167.5,17.57,1.61,9.53,7,13138600,3910500,7631300,1596800,156.83,151.56,133.41,4.6,68.56
2022-06-13,172.0,173.0,170.0,173.0,18.15,1.66,9.53,7,8780000,3590200,3842100,1347700,162.89,156.25,135.92,5.62,71.58
2022-06-22,161.0,161.0,154.0,158.0,16.57,1.52,9.53,7,26981000,8535400,11864900,6580700,163.2,158.14,137.84,1.51,43.0
2022-07-01,157.5,159.0,156.5,159.0,16.68,1.53,9.53,7,13249000,5452100,6513700,1283200,161.28,158.24,139.23,-0.46,46.88
2022-07-12,160.5,161.0,158.0,160.0,16.78,1.54,9.53,7,9089100,2682900,5454900,951300,160.42,158.48,140.58,-0.62,49.44
2022-07-22,159.0,160.5,158.0,160.0,16.78,1.54,9.53,7,6022800,2803600,2516600,702600,159.58,158.45,141.77,-0.55,50.63
2022-08-04,159.5,159.5,154.0,154.5,11.95,1.36,9.53,9,41631800,17342000,21512600,2777200,159.49,158.7,142.98,-0.4,42.59
2022-08-16,153.5,156.0,152.0,156.0,12.07,1.37,12.92,9,15356300,8140200,5157000,2059100,157.68,157.84,143.8,-1.16,47.16
2022-08-25,171.5,172.5,167.5,168.0,13.0,1.47,12.92,9,15895500,6242300,7288700,2364500,159.14,158.53,144.92,1.16,64.87
2022-09-05,167.0,167.0,165.5,167.0,12.92,1.46,12.92,9,6318700,2690600,2397100,1231000,163.06,160.94,146.51,2.69,57.88
2022-09-14,163.0,165.5,162.5,164.5,12.73,1.44,12.92,9,11037400,5846600,3368000,1822800,163.37,161.64,147.68,1.09,52.6
2022-09-23,173.0,173.0,170.5,170.5,13.19,1.5,12.92,9,12331500,2127300,7184700,3019500,166.33,163.7,149.18,2.48,58.42
2022-10-04,165.0,166.0,163.0,165.0,12.77,1.45,12.92,9,12173800,5020600,4342400,2810800,165.04,163.61,150.14,-0.01,50.09
2022-10-17,167.0,171.5,166.0,169.5,13.11,1.49,12.92,9,13446400,5364100,5166700,2915600,167.07,165.11,151.47,1.32,56.56
2022-10-27,175.5,177.0,174.5,176.0,10.6,1.41,12.92,9,13789500,5713600,6552900,1523000,169.42,166.89,152.87,2.19,67.94
2022-11-07,195.0,195.0,190.5,191.5,11.53,1.54,12.92,9,12722200,5014700,5901600,1805900,177.11,171.81,155.17,6.05,81.34
2022-11-16,183.5,188.5,183.0,188.5,11.35,1.51,16.61,9,14406100,7188500,5754200,1463400,182.19,176.04,157.47,4.98,63.59
2022-11-25,187.0,187.5,186.0,186.5,11.23,1.5,16.61,9,6856300,2283400,3014400,1558500,184.71,178.96,159.53,3.31,53.78
2022-12-07,179.5,179.5,176.0,176.0,10.6,1.41,16.61,9,14683100,4825700,7225400,2632000,184.02,180.04,161.16,0.22,38.29
2022-12-19,168.0,169.5,165.5,166.0,9.99,1.33,16.61,9,20408700,9201200,6807700,4399800,178.79,178.06,161.89,-3.44,30.32
2022-12-28,174.0,175.0,173.0,175.0,10.54,1.4,16.61,9,6772300,3109300,2007500,1655500,175.82,176.49,162.54,-2.61,47.97
2023-01-09,169.0,169.5,167.0,168.5,10.15,1.35,16.61,9,7526300,3079700,3292900,1153700,173.65,175.15,163.12,-2.59,39.75
2023-01-18,172.0,173.0,171.0,173.0,10.42,1.39,16.61,9,10389500,5026000,2727600,2635900,172.03,173.84,163.57,-1.69,51.45
2023-01-27,171.0,172.5,169.5,172.0,10.36,1.38,16.61,9,9867500,4680800,4176800,1009900,172.06,173.42,164.15,-0.58,49.48
2023-02-07,164.0,165.5,164.0,165.0,9.93,1.32,16.61,9,15544200,7767700,4500400,3276100,170.42,172.21,164.45,-1.61,36.82
2023-02-16,158.0,160.0,157.0,160.0,8.96,1.36,16.61,9,7046800,3696500,2211000,1139300,166.73,169.71,164.29,-3.12,35.27
2023-02-27,152.0,154.0,152.0,152.0,8.51,1.29,16.61,9,5868400,2315800,2500900,1051700,162.01,166.35,163.74,-4.38,26.67
2023-03-09,151.5,152.5,148.0,149.0,8.34,1.27,17.86,9,14142900,4559700,7826800,1756400,157.73,162.87,162.96,-4.25,30.58
2023-03-20,138.0,139.0,135.0,136.0,7.62,1.16,17.86,9,14987400,5331300,7743000,1913100,150.6,157.62,161.51,-6.34,28.79
2023-03-29,152.5,154.0,151.0,153.5,8.59,1.3,17.86,9,14569900,6798700,4560800,3210400,148.54,154.65,160.41,-2.86,56.31
2023-04-10,159.5,160.5,158.5,159.5,8.93,1.36,17.86,9,3000800,1064800,1205800,730200,152.46,155.34,160.2,1.84,61.42
2023-04-21,153.0,155.0,152.5,154.0,8.62,1.31,17.86,9,9545900,4047200,4576700,922000,154.68,155.95,160.05,1.64,48.86
2023-05-03,147.0,147.0,142.5,145.5,7.25,1.2,17.86,8,14768800,6892900,6377700,1498200,152.81,154.64,159.42,-1.07,36.38
2023-05-16,146.5,149.5,146.0,148.0,7.38,1.22,20.07,8,7745600,3478800,3025200,1241600,150.52,152.91,158.63,-1.92,44.76
2023-05-25,150.0,151.0,148.5,148.5,7.4,1.23,20.07,8,8420800,4213200,3011000,1196600,149.45,151.7,157.9,-1.18,47.77
2023-06-06,145.0,147.5,144.5,145.0,7.23,1.2,20.07,8,13604200,6371300,4674900,2558000,146.43,149.43,156.85,-2.29,47.01
2023-06-15,151.5,153.0,150.0,151.0,7.52,1.25,20.07,8,5739800,1784200,3066900,888700,148.47,149.85,156.47,0.57,54.78
2023-06-26,148.0,150.0,146.5,147.0,7.33,1.22,20.07,8,6818600,2489000,2905100,1424500,148.95,149.82,156.02,0.29,45.54
2023-07-05,151.0,153.0,151.0,153.0,7.62,1.26,20.07,8,7691100,3428500,2689800,1572800,149.2,149.7,155.55,0.58,57.91
2023-07-14,158.0,159.0,157.0,158.5,7.9,1.31,20.07,8,7095000,3674500,2416900,1003600,151.33,150.73,155.43,1.88,66.31
2023-07-25,162.0,162.0,159.5,160.5,8.0,1.33,20.07,8,8373700,2364700,4542100,1466900,154.09,152.42,155.57,2.57,64.61
2023-08-07,162.5,163.5,162.0,163.0,8.08,1.29,20.07,8,9001300,4604200,2696600,1700500,157.04,154.48,155.93,2.84,64.35
2023-08-17,159.0,159.5,158.0,158.0,7.83,1.25,20.18,8,6873100,2626500,2640300,1606300,159.22,156.38,156.36,2.1,48.18
2023-08-28,159.5,161.0,159.5,160.0,7.93,1.27,20.18,8,5373700,2198100,2401000,774600,159.1,157.0,156.53,0.63,52.58
2023-09-06,163.0,166.0,163.0,166.0,8.23,1.32,20.18,8,22733700,13812100,5936600,2985000,160.34,158.19,156.89,1.17,61.1
2023-09-15,168.0,169.0,167.5,167.5,8.3,1.33,20.18,8,13715500,5810200,4791500,3113800,163.03,160.24,157.55,2.14,61.23
2023-09-26,167.5,170.0,167.0,168.5,8.35,1.34,20.18,8,19636800,7666800,8901200,3068800,164.76,161.91,158.19,1.81,60.77
2023-10-05,162.5,162.5,159.5,161.5,8.0,1.28,20.18,8,12364900,4799600,5638200,1927100,165.68,163.19,158.81,0.78,41.95
2023-10-17,170.5,171.0,169.0,170.0,8.43,1.35,20.18,8,11921500,5139600,5352300,1429600,167.01,164.52,159.46,1.35,56.63
2023-10-27,169.5,169.5,167.0,169.0,8.38,1.34,20.18,8,7314200,2213000,3944800,1156400,168.62,166.08,160.25,1.26,51.15
2023-11-07,163.0,165.5,162.0,163.0,8.74,1.26,18.65,7,12761000,4927100,6297700,1536200,166.62,165.58,160.51,-0.97,42.62
2023-11-16,160.5,162.5,160.0,161.5,8.66,1.24,18.65,7,4430500,1339500,1637500,1453500,164.38,164.56,160.57,-1.7,42.7
2023-11-27,158.0,158.5,155.0,155.5,8.34,1.2,18.65,7,9049400,3322600,4586200,1140600,162.1,163.23,160.47,-2.14,33.46
2023-12-07,139.5,142.0,137.5,140.5,7.53,1.08,18.65,7,29609800,14086800,12648300,2874700,155.7,159.4,159.62,-5.33,17.14
2023-12-19,148.0,148.5,147.0,147.5,7.91,1.14,18.65,7,5378000,2937700,1641800,798500,151.21,155.91,158.63,-4.35,40.36
2023-12-28,148.0,149.5,147.5,149.5,8.02,1.15,18.65,7,5443800,2312900,2179400,951500,149.85,153.97,157.91,-2.2,47.8
